-- phpMyAdmin SQL Dump
-- version 4.0.3
-- http://www.phpmyadmin.net
--
-- Хост: 127.0.0.1
-- Час створення: Січ 03 2014 р., 16:36
-- Версія сервера: 5.5.23
-- Версія PHP: 5.3.26

SET SQL_MODE = "NO_AUTO_VALUE_ON_ZERO";
SET time_zone = "+00:00";


/*!40101 SET @OLD_CHARACTER_SET_CLIENT=@@CHARACTER_SET_CLIENT */;
/*!40101 SET @OLD_CHARACTER_SET_RESULTS=@@CHARACTER_SET_RESULTS */;
/*!40101 SET @OLD_COLLATION_CONNECTION=@@COLLATION_CONNECTION */;
/*!40101 SET NAMES utf8 */;

--
-- База даних: `gpspro`
--
CREATE DATABASE IF NOT EXISTS `gpspro` DEFAULT CHARACTER SET latin1 COLLATE latin1_swedish_ci;
USE `gpspro`;

-- --------------------------------------------------------

--
-- Структура таблиці `gps_location`
--

CREATE TABLE IF NOT EXISTS `gps_location` (
  `location_id` int(10) NOT NULL AUTO_INCREMENT,
  `time` timestamp NOT NULL DEFAULT CURRENT_TIMESTAMP,
  `latitude` double NOT NULL,
  `longitude` double NOT NULL,
  `altitude` double NOT NULL,
  PRIMARY KEY (`location_id`),
  UNIQUE KEY `location_id` (`location_id`)
) ENGINE=InnoDB  DEFAULT CHARSET=latin1 AUTO_INCREMENT=110 ;

--
-- Дамп даних таблиці `gps_location`
--

INSERT INTO `gps_location` (`location_id`, `time`, `latitude`, `longitude`, `altitude`) VALUES
(2, '2013-10-07 18:14:17', 50.0034383333, 36.2488483333, 174.4),
(3, '2013-10-07 18:14:19', 50.003585, 36.2489016667, 174),
(4, '2013-10-07 18:14:22', 50.00372, 36.2489533333, 173.8),
(5, '2013-10-07 18:14:24', 50.0038266667, 36.2489933333, 173.8),
(6, '2013-10-07 18:14:27', 50.00394, 36.2490333333, 173.9),
(7, '2013-10-07 18:14:29', 50.004075, 36.2490833333, 173.8),
(8, '2013-10-07 18:14:32', 50.0042016667, 36.24913, 174),
(9, '2013-10-07 18:14:35', 50.004355, 36.2491783333, 175.5),
(10, '2013-10-07 18:14:37', 50.0044733333, 36.2492133333, 177.2),
(11, '2013-10-07 18:14:39', 50.0045833333, 36.2492466667, 178.6),
(12, '2013-10-07 18:14:43', 50.0047033333, 36.2492833333, 179.8),
(13, '2013-10-07 18:14:46', 50.0048066667, 36.2493116667, 180.8),
(14, '2013-10-07 18:14:49', 50.0048833333, 36.2493283333, 181.9),
(15, '2013-10-07 18:14:51', 50.00497, 36.249345, 182.8),
(16, '2013-10-07 18:18:48', 50.005835, 36.2492733333, 221.9),
(17, '2013-10-07 18:18:50', 50.0058816667, 36.2493483333, 222.2),
(18, '2013-10-07 18:18:53', 50.0059316667, 36.2493983333, 222.5),
(19, '2013-10-07 18:18:56', 50.0059816667, 36.2494433333, 222.8),
(20, '2013-10-07 18:18:58', 50.0060216667, 36.2494666667, 223),
(21, '2013-10-07 18:19:00', 50.0060583333, 36.2495016667, 223.2),
(22, '2013-10-07 18:19:02', 50.0060866667, 36.2495283333, 223.3),
(23, '2013-10-07 18:19:04', 50.00611, 36.249555, 223.5),
(24, '2013-11-24 11:11:25', 50.0065316667, 36.2496783333, 176.8),
(25, '2013-11-24 11:11:26', 50.0065283333, 36.24968, 176.4),
(26, '2013-11-24 11:11:27', 50.0065233333, 36.24968, 176),
(27, '2013-11-24 11:11:28', 50.0065283333, 36.2496833333, 176.5),
(28, '2013-11-24 11:11:29', 50.0065283333, 36.2496833333, 176.4),
(29, '2013-11-24 11:11:30', 50.0065283333, 36.2496833333, 176.4),
(30, '2013-11-24 11:11:31', 50.0065283333, 36.2496833333, 176.4),
(31, '2013-11-24 11:11:32', 50.0065283333, 36.2496833333, 176.4),
(32, '2013-11-24 11:11:33', 50.0065283333, 36.2496833333, 176.4),
(33, '2013-11-24 11:11:34', 50.0065283333, 36.2496833333, 176.4),
(34, '2013-11-24 11:11:35', 50.0065283333, 36.2496833333, 176.4),
(35, '2013-11-24 11:11:36', 50.00653, 36.2496916667, 176.8),
(36, '2013-11-24 11:11:37', 50.0065316667, 36.2496933333, 176.8),
(37, '2013-11-24 11:11:38', 50.0065316667, 36.2496933333, 176.8),
(38, '2013-11-24 11:11:39', 50.006535, 36.249705, 177.1),
(39, '2013-11-24 11:11:40', 50.006535, 36.2497033333, 177.1),
(40, '2013-11-24 11:11:41', 50.006535, 36.2497033333, 177.1),
(41, '2013-11-24 11:11:42', 50.006535, 36.2497033333, 177.1),
(42, '2013-11-24 11:11:43', 50.006535, 36.2497166667, 177),
(43, '2013-11-24 11:11:44', 50.006535, 36.2497166667, 177),
(44, '2013-11-24 11:11:45', 50.0065383333, 36.24973, 177.4),
(45, '2013-11-24 11:11:46', 50.0065383333, 36.2497283333, 177.4),
(46, '2013-11-24 11:11:47', 50.0065383333, 36.2497283333, 177.4),
(47, '2013-11-24 11:11:48', 50.0065416667, 36.249745, 177.5),
(48, '2013-11-24 11:11:49', 50.0065433333, 36.2497566667, 177.5),
(49, '2013-11-24 11:11:50', 50.0065433333, 36.2497666667, 177.5),
(50, '2013-11-24 11:11:51', 50.0065483333, 36.24978, 177.8),
(51, '2013-11-24 11:11:52', 50.0065483333, 36.24978, 177.8),
(52, '2013-11-24 11:11:53', 50.0065516667, 36.2497866667, 178.1),
(53, '2013-11-24 11:11:54', 50.0065516667, 36.2497883333, 178.1),
(54, '2013-11-24 11:11:55', 50.0065533333, 36.2497966667, 178.2),
(55, '2013-11-24 11:11:56', 50.006555, 36.2498066667, 178.1),
(56, '2013-11-24 11:11:57', 50.00656, 36.249815, 178.5),
(57, '2013-11-24 11:11:58', 50.0065616667, 36.2498216667, 178.9),
(58, '2013-11-24 11:11:59', 50.0065616667, 36.249825, 179.1),
(59, '2013-11-24 11:12:00', 50.0065616667, 36.249835, 179.1),
(60, '2013-11-24 11:12:01', 50.0065616667, 36.2498466667, 179.2),
(61, '2013-11-24 11:12:02', 50.0065633333, 36.249855, 179.4),
(62, '2013-11-24 11:12:03', 50.0065633333, 36.2498566667, 179.6),
(63, '2013-11-24 11:12:04', 50.0065633333, 36.2498583333, 179.7),
(64, '2013-11-24 11:12:05', 50.0065633333, 36.249865, 180.1),
(65, '2013-11-24 11:12:06', 50.0065633333, 36.24987, 180.3),
(66, '2013-11-24 11:12:07', 50.0065616667, 36.249875, 180.4),
(67, '2013-11-24 11:12:08', 50.0065583333, 36.2498766667, 180.5),
(68, '2013-11-24 11:12:09', 50.0065566667, 36.2498883333, 180.4),
(69, '2013-11-24 11:12:10', 50.006555, 36.2498983333, 180.5),
(70, '2013-11-24 11:12:11', 50.0065583333, 36.2499083333, 180.9),
(71, '2013-11-24 11:12:12', 50.0065616667, 36.2499166667, 181.2),
(72, '2013-11-24 11:12:13', 50.0065633333, 36.24992, 181.5),
(73, '2013-11-24 11:12:14', 50.0065633333, 36.2499233333, 181.6),
(74, '2013-11-24 11:12:15', 50.0065683333, 36.249925, 182),
(75, '2013-11-24 11:12:16', 50.0065733333, 36.249925, 182.6),
(76, '2013-11-24 11:12:17', 50.0065783333, 36.2499233333, 183),
(77, '2013-11-24 11:12:18', 50.0065783333, 36.24993, 183.1),
(78, '2013-11-24 11:12:19', 50.0065766667, 36.24993, 182.9),
(79, '2013-12-19 07:59:06', 50.0001116667, 36.251115, -17.1),
(80, '2013-12-19 07:59:07', 49.9999633333, 36.2511116667, -17.1),
(81, '2013-12-19 07:59:08', 50.0002883333, 36.2511366667, -17.1),
(82, '2013-12-19 07:59:09', 50.0000916667, 36.251155, -17.1),
(83, '2013-12-19 07:59:10', 50.00018, 36.2510766667, -17.1),
(84, '2013-12-19 07:59:11', 50.0002533333, 36.2511383333, -17.1),
(85, '2013-12-19 07:59:12', 50.0002016667, 36.2510666667, -17.1),
(86, '2013-12-19 07:59:13', 50.00029, 36.2510366667, -17.1),
(87, '2013-12-19 07:59:14', 50.0004533333, 36.2510033333, -17.1),
(88, '2013-12-19 07:59:15', 50.00029, 36.2510016667, -17.1),
(89, '2013-12-19 07:59:16', 50.0004766667, 36.2510066667, -17.1),
(90, '2013-12-19 07:59:17', 50.0006566667, 36.2508533333, -17.1),
(91, '2013-12-19 07:59:18', 50.0005383333, 36.250985, -17.1),
(92, '2013-12-19 07:59:19', 50.0005766667, 36.25102, -17.1),
(93, '2013-12-19 07:59:20', 50.0005166667, 36.250985, -17.1),
(94, '2013-12-19 07:59:21', 50.0007133333, 36.2509433333, -17.1),
(95, '2013-12-19 07:59:22', 50.0006483333, 36.2509283333, -17.1),
(96, '2013-12-19 07:59:23', 50.0006883333, 36.2508883333, -17.1),
(97, '2013-12-19 07:59:24', 50.00053, 36.2508966667, -17.1),
(98, '2013-12-19 07:59:25', 50.0006533333, 36.2509383333, -17.1),
(99, '2013-12-19 07:59:26', 50.0005533333, 36.2508783333, -17.1),
(100, '2013-12-19 07:59:27', 50.0007616667, 36.2508683333, -17.1),
(101, '2013-12-19 07:59:28', 50.00047, 36.2509166667, -17.1),
(102, '2013-12-19 07:59:29', 50.000465, 36.2508933333, -17.1),
(103, '2013-12-19 07:59:30', 50.000455, 36.250895, -17.1),
(104, '2013-12-19 07:59:31', 50.0005466667, 36.2508366667, -17.1),
(105, '2013-12-19 07:59:32', 50.0005716667, 36.25093, -17.1),
(106, '2013-12-19 07:59:33', 50.0006983333, 36.2508633333, -17.1),
(107, '2013-12-19 07:59:34', 50.0005433333, 36.25085, -17.1),
(108, '2013-12-19 07:59:35', 50.0005083333, 36.2508883333, -17.1),
(109, '2014-01-03 14:16:15', 50, 36.05, 2000);

-- --------------------------------------------------------

--
-- Структура таблиці `markers`
--

CREATE TABLE IF NOT EXISTS `markers` (
  `id_marker` int(10) NOT NULL AUTO_INCREMENT,
  `id_trace` int(10) NOT NULL,
  `latitude` double NOT NULL,
  `longitude` double NOT NULL,
  `timestamp` timestamp NOT NULL DEFAULT CURRENT_TIMESTAMP,
  PRIMARY KEY (`id_marker`)
) ENGINE=InnoDB  DEFAULT CHARSET=latin1 AUTO_INCREMENT=52 ;

--
-- Дамп даних таблиці `markers`
--

INSERT INTO `markers` (`id_marker`, `id_trace`, `latitude`, `longitude`, `timestamp`) VALUES
(1, 32, 49.999719166752385, 36.243757009506226, '2013-12-03 20:57:02'),
(2, 32, 49.99858814332919, 36.24458312988281, '2013-12-03 20:57:06'),
(3, 33, 50.00027087584035, 36.25581622123718, '2013-12-03 20:57:26'),
(4, 33, 49.999146761881875, 36.25561237335205, '2013-12-03 20:57:30'),
(5, 33, 49.998395039110015, 36.254775524139404, '2013-12-03 20:57:32'),
(6, 33, 49.99765020128528, 36.25362753868103, '2013-12-03 20:57:35'),
(7, 34, 50.05383234372285, 36.182098388671875, '2013-12-04 11:12:33'),
(8, 34, 50.00332585031708, 36.21849060058594, '2013-12-04 11:12:35'),
(9, 34, 50.00597379753065, 36.228790283203125, '2013-12-04 11:12:40'),
(10, 34, 50.00597379753065, 36.236000061035156, '2013-12-04 11:12:43'),
(11, 34, 49.98721436195236, 36.23359680175781, '2013-12-04 11:12:45'),
(12, 34, 50.00354651815617, 36.24732971191406, '2013-12-04 11:13:02'),
(13, 35, 50.00044328363196, 36.245527267456055, '2013-12-04 19:10:58'),
(14, 35, 49.99993295477532, 36.25110626220703, '2013-12-04 19:10:58'),
(15, 35, 50.00097429574536, 36.253777742385864, '2013-12-04 19:10:59'),
(16, 35, 49.99782951514949, 36.25314474105835, '2013-12-04 19:11:00'),
(17, 35, 49.997526060525985, 36.24671816825867, '2013-12-04 19:11:00'),
(18, 35, 49.99884331557209, 36.244797706604004, '2013-12-04 19:11:01'),
(19, 35, 49.99918814077574, 36.24721169471741, '2013-12-04 19:11:01'),
(20, 36, 50.00025708319033, 36.2438428401947, '2013-12-17 19:59:13'),
(21, 36, 49.99804331157512, 36.24610662460327, '2013-12-17 19:59:13'),
(22, 36, 49.99738812597312, 36.25088095664978, '2013-12-17 19:59:14'),
(23, 36, 49.99870538479815, 36.253477334976196, '2013-12-17 19:59:15'),
(24, 36, 50.001367378856585, 36.25158905982971, '2013-12-17 19:59:16'),
(25, 36, 50.0018225237069, 36.24861717224121, '2013-12-17 19:59:17'),
(26, 36, 50.001898380762995, 36.243542432785034, '2013-12-17 19:59:19'),
(27, 37, 50.000498453994695, 36.2444007396698, '2013-12-17 19:59:28'),
(28, 37, 49.99962261701109, 36.246267557144165, '2013-12-17 19:59:29'),
(29, 37, 49.99981571629982, 36.24166488647461, '2013-12-17 19:59:30'),
(30, 39, 50.00181624825522, 46.99600338935852, '2013-12-18 07:46:24'),
(31, 39, 50.00043011169954, 47.00334191322327, '2013-12-18 07:46:25'),
(32, 39, 49.99885772931618, 46.99883580207825, '2013-12-18 07:46:26'),
(33, 39, 50.00036804494879, 46.99394345283508, '2013-12-18 07:46:27'),
(34, 39, 50.00297477949016, 47.0005202293396, '2013-12-18 07:46:32'),
(35, 39, 50.00188520922927, 47.005627155303955, '2013-12-18 07:46:33'),
(36, 39, 49.99920945089321, 47.007375955581665, '2013-12-18 07:46:34'),
(37, 40, 50.00149840584609, 36.24459385871887, '2013-12-19 08:00:37'),
(38, 40, 50.00117428580007, 36.248027086257935, '2013-12-19 08:00:39'),
(39, 40, 49.99897434944081, 36.249539852142334, '2013-12-19 08:00:40'),
(40, 40, 49.99817434762414, 36.24662160873413, '2013-12-19 08:00:41'),
(41, 40, 49.99893297036295, 36.24046325683594, '2013-12-19 08:00:43'),
(42, 41, 50.00258108888164, 36.246267557144165, '2013-12-19 08:00:59'),
(43, 41, 50.00244316883108, 36.25167489051819, '2013-12-19 08:01:00'),
(44, 41, 50.00205699058445, 36.25360608100891, '2013-12-19 08:01:23'),
(45, 41, 49.99938124180952, 36.252737045288086, '2013-12-19 08:01:26'),
(46, 42, 50.00163632860715, 36.2448513507843, '2013-12-31 09:24:41'),
(47, 42, 50.00018811988078, 36.249024868011475, '2013-12-31 09:24:43'),
(48, 43, 49.999705373944096, 36.24946475028992, '2014-01-03 14:26:45'),
(49, 43, 49.99938813826066, 36.252243518829346, '2014-01-03 14:26:45'),
(50, 43, 50.00070534229107, 36.252790689468384, '2014-01-03 14:26:46'),
(51, 43, 49.9984157288849, 36.24894976615906, '2014-01-03 14:26:50');

-- --------------------------------------------------------

--
-- Структура таблиці `traces`
--

CREATE TABLE IF NOT EXISTS `traces` (
  `id_trace` int(10) NOT NULL AUTO_INCREMENT,
  `timestamp` timestamp NOT NULL DEFAULT CURRENT_TIMESTAMP,
  PRIMARY KEY (`id_trace`)
) ENGINE=InnoDB  DEFAULT CHARSET=latin1 AUTO_INCREMENT=44 ;

--
-- Дамп даних таблиці `traces`
--

INSERT INTO `traces` (`id_trace`, `timestamp`) VALUES
(1, '2013-12-03 17:35:48'),
(2, '2013-12-03 17:41:26'),
(3, '2013-12-03 17:41:58'),
(4, '2013-12-03 17:44:11'),
(5, '2013-12-03 17:46:42'),
(6, '2013-12-03 17:52:02'),
(7, '2013-12-03 17:52:42'),
(8, '2013-12-03 18:01:23'),
(9, '2013-12-03 18:02:22'),
(10, '2013-12-03 18:02:26'),
(11, '2013-12-03 18:03:08'),
(12, '2013-12-03 18:22:55'),
(13, '2013-12-03 18:22:59'),
(14, '2013-12-03 19:38:28'),
(15, '2013-12-03 19:45:34'),
(16, '2013-12-03 19:49:17'),
(17, '2013-12-03 19:50:55'),
(18, '2013-12-03 20:14:55'),
(19, '2013-12-03 20:18:13'),
(20, '2013-12-03 20:20:56'),
(21, '2013-12-03 20:21:04'),
(22, '2013-12-03 20:27:39'),
(23, '2013-12-03 20:27:40'),
(24, '2013-12-03 20:27:41'),
(25, '2013-12-03 20:29:14'),
(26, '2013-12-03 20:30:43'),
(27, '2013-12-03 20:30:51'),
(28, '2013-12-03 20:31:20'),
(29, '2013-12-03 20:33:35'),
(30, '2013-12-03 20:38:38'),
(31, '2013-12-03 20:51:45'),
(32, '2013-12-03 20:54:41'),
(33, '2013-12-03 20:57:23'),
(34, '2013-12-04 11:12:29'),
(35, '2013-12-04 19:10:56'),
(36, '2013-12-17 19:59:11'),
(37, '2013-12-17 19:59:27'),
(38, '2013-12-17 20:12:13'),
(39, '2013-12-18 07:46:23'),
(40, '2013-12-19 08:00:36'),
(41, '2013-12-19 08:00:58'),
(42, '2013-12-31 09:24:39'),
(43, '2014-01-03 14:26:45');

/*!40101 SET CHARACTER_SET_CLIENT=@OLD_CHARACTER_SET_CLIENT */;
/*!40101 SET CHARACTER_SET_RESULTS=@OLD_CHARACTER_SET_RESULTS */;
/*!40101 SET COLLATION_CONNECTION=@OLD_COLLATION_CONNECTION */;
